layer,best_test_model,best_test_val_auc,best_test_human_test_auc,best_test_GCG,best_test_PAIR,best_test_PAP,best_test_GPTFuzz,best_test_PEZ,best_test_WJB,best_transfer_model,best_transfer_val_auc,best_transfer_human_test_auc,best_transfer_GCG,best_transfer_PAIR,best_transfer_PAP,best_transfer_GPTFuzz,best_transfer_PEZ,best_transfer_WJB
0,logreg_l2_C1.0_raw,0.8974858203442118,0.6374244535812831,0.5485008025682183,0.5954698703279938,0.5388798223402503,0.6368206880484585,0.5626168845315904,,logreg_l1_C0.01_raw,0.7629939614693599,0.6100411564293368,0.5779614767255217,0.6589525553012967,0.6138911448040184,0.6065864202324558,0.6059009803921569,
1,linsvm_C1.0_raw,0.9082663777500501,0.6486120813740743,0.5645650080256821,0.5904782608695652,0.5266403934041501,0.627832569697911,0.5804399782135076,,histgb_200_lr0.06_leaf31,0.8763815264053534,0.6142918332560243,0.5905008025682184,0.5734747520976354,0.6070695147809617,0.6576668996401854,0.5791056644880175,
2,mlp_128x64_a0.001,0.8724785033052257,0.6520674088592022,0.5671958266452649,0.6079592677345539,0.5639367691864295,0.647421242007714,0.5721381808278867,,logreg_l1_C0.01_bal,0.8057179494786614,0.6105900012031262,0.6100802568218299,0.6706565980167811,0.5813052227437417,0.648900623851311,0.6075377995642701,
3,logreg_l1_C0.01_bal,0.8064121764254373,0.648927284221804,0.5650818619582664,0.6158299008390542,0.5708276978343215,0.669489787994098,0.5863226579520697,,logreg_l1_C0.03_raw,0.8417560881181488,0.6447954726428778,0.5714510433386838,0.6412854309687261,0.5823074666501976,0.6591597421759725,0.5956340958605665,
4,mlp_64_a0.01,0.8853437926977789,0.6377429435831107,0.5594927768860353,0.6224723112128145,0.5481076817770092,0.624889855297559,0.5685900871459695,,logreg_en_C0.03_l1r0.3,0.869752288462744,0.6210731163397568,0.5586613162118781,0.6122202898550725,0.5625647953722003,0.6247997722036707,0.5756845315904138,
5,logreg_l2_C10.0_bal,0.9140394824310667,0.6465007543274269,0.5678170144462278,0.5827354691075515,0.5384929800724638,0.6330941471874919,0.5671922657952071,,logreg_l2_C0.01_raw,0.8691136880849588,0.6062307864333654,0.6438940609951845,0.6333755911517925,0.5402088479907774,0.7006455955061996,0.6119655773420479,
6,logreg_l1_C0.01_raw,0.7990415038661522,0.6451076977241409,0.5600224719101123,0.5794495804729214,0.5277832159914361,0.6057119929590226,0.5432211328976034,,linsvm_C0.03_bal,0.915545645073661,0.6098851508100117,0.6994606741573034,0.5862598016781084,0.6198320930088933,0.6383075768165463,0.629374183006536,
7,logreg_l2_C0.003_raw,0.8520400843700919,0.698996292183137,0.5783756019261638,0.6211420289855073,0.5402199645915678,0.6333509357769667,0.5607561002178649,,mlp_256x128_a0.0003,0.9102908946584981,0.6146081997614381,0.6677078651685392,0.6229061022120519,0.5535233577280961,0.6468012735885688,0.6239903594771242,
8,logreg_l1_C0.01_bal,0.8209972382380066,0.6959656517383286,0.5654317817014447,0.6010846681922196,0.5255100769927536,0.6043472858585074,0.577492265795207,,linsvm_C0.003_bal,0.900260811372268,0.637097087753476,0.6571043338683787,0.6542254767353165,0.5942054718379447,0.6180352566591597,0.6706779956427016,
9,mlp_256x128_a0.0003,0.9091471734959943,0.6595402231705588,0.6617463884430177,0.6617728451563691,0.5506183995182806,0.7623662343713598,0.624977559912854,,linsvm_C0.003_raw,0.8982656242776512,0.6432345578917814,0.6689213483146067,0.6946340198321893,0.5473192780385375,0.7320644042349407,0.6658739651416122,
10,gb_300_lr0.03_d4,0.918860610282674,0.6963606780953203,0.5503948635634028,0.5576714721586574,0.5465619982089921,0.6403168439854003,0.5549960784313724,,linsvm_C0.003_raw,0.905259020356333,0.6358657111893357,0.6445939004815409,0.6763292143401983,0.5387504117259551,0.708353394941886,0.6922345315904139,
11,gb_200_lr0.1_d3,0.922412197606712,0.6645026800276426,0.5611781701444623,0.6081528604118993,0.5476757555171278,0.5806259221868447,0.6364355119825709,,linsvm_C0.003_raw,0.9116438306932275,0.6450665119601977,0.6813996789727126,0.7033139588100685,0.5246129518692357,0.6620838186948306,0.7200131808278867,
12,gb_300_lr0.03_d4,0.9448845188808904,0.7507478892222855,0.6193804173354736,0.6778247902364606,0.5490304625741107,0.5992529315834434,0.7274302832244008,,logreg_l1_C0.1_raw,0.922119521278287,0.7297763541992667,0.7091268057784912,0.7260793287566741,0.5817311017786561,0.665178742460718,0.7462023965141613,
13,histgb_200_lr0.06_leaf31,0.9511724012703786,0.7897270710830722,0.7061573033707866,0.7415058733790998,0.5950150537302372,0.6733773394424167,0.7896352396514161,,logreg_l2_C0.03_bal,0.9351428034015511,0.7401065577552203,0.735258426966292,0.7547041952707856,0.6073225203804349,0.6929906034014134,0.7901703703703704,
14,histgb_200_lr0.04_leaf15,0.952662931067701,0.8302435023080013,0.7036565008025683,0.734235163996949,0.5593191339344532,0.6125187025963604,0.7860168845315905,,logreg_en_C0.1_l1r0.3,0.9424604815831436,0.7904778128098279,0.7555248796147673,0.7629533943554538,0.5574171530179514,0.708818565400844,0.8199099673202614,
15,logreg_l1_C0.03_bal,0.9298729015946076,0.8473496715510832,0.7560963081861958,0.7581434019832188,0.5300733386857707,0.588413968056742,0.8383064270152505,,linsvm_C1.0_bal,0.9612567783346725,0.7947757330584736,0.8180642054574639,0.7840784134248666,0.6341262403244401,0.6717382413087933,0.8235035947712419,
16,histgb_200_lr0.06_leaf31,0.9700145227442113,0.8651155075776455,0.6967287319422152,0.7307670480549199,0.5945708528903162,0.6071673008723564,0.782411111111111,0.7162988467792369,ensemble_linear_auc_top,0.9673946944380216,0.8588356528012743,0.8311942215088283,0.7981430968726163,0.6398937747035573,0.6876379073800833,0.8449910675381264,0.7298939837398373
17,histgb_300_lr0.03_leaf31,0.9722218442777539,0.8710232944296896,0.7107512038523275,0.7361211289092298,0.5627376430747695,0.6283885998291527,0.7916761437908497,,logreg_en_C0.03_l1r0.3,0.9523500162588099,0.8388004572417578,0.7885971107544143,0.7975165522501907,0.5721640702198617,0.6706758820636277,0.8295045751633987,
18,extratrees_500_3,0.9741655333496024,0.8766142167903768,0.68707544141252,0.7450593440122043,0.6311040688817523,0.685770495198157,0.8147316993464051,,logreg_l1_C0.3_raw,0.9634053145400696,0.8575573278424864,0.7851942215088283,0.7956257818459193,0.5713594676383399,0.6322036706272165,0.8307285403050109,
19,mlp_256x128_a0.0003,0.9687530153701828,0.8790891534800811,0.7063723916532907,0.7464324942791762,0.6400724509016799,0.5951730475524838,0.7824574074074074,,logreg_l1_C0.3_raw,0.9637568681645464,0.8504425296228166,0.786147672552167,0.7931252479023647,0.565665863801054,0.6686298568507156,0.8329013071895425,
20,histgb_300_lr0.03_leaf31,0.9730452477208131,0.9009640804078479,0.7099422150882825,0.7513757437070937,0.6188743412384716,0.6274075224560586,0.797100108932462,,logreg_en_C0.3_l1r0.7,0.9652233072378175,0.8340649378198398,0.8041444622792936,0.8092130434782608,0.5929656105895915,0.7078928839533019,0.8313272331154684,
21,histgb_200_lr0.04_leaf15,0.9724203055419605,0.8870568442862965,0.6993258426966292,0.7488898550724638,0.6150501919672267,0.6341285496104165,0.7981162309368193,,logreg_l2_C0.3_bal,0.9678015216838074,0.8223088306808723,0.8056918138041733,0.816517315026697,0.6161403522315547,0.6845776707825322,0.8353650326797387,
22,extratrees_300_5,0.9744690351829419,0.8831322731309633,0.6697078651685393,0.7386720061022121,0.6044353693181818,0.6977738085993113,0.8160908496732024,,logreg_l2_C0.3_bal,0.9694802482751754,0.8299823179619179,0.781142857142857,0.8054199847444699,0.6146098639245717,0.7152380212782481,0.8426928104575162,
23,extratrees_300_2,0.9764509812196509,0.8924614280244068,0.6436147672552167,0.7467636918382914,0.627012748064888,0.6736724392327408,0.8074809368191721,,logreg_en_C0.3_l1r0.3,0.968809832890996,0.8340375502253081,0.7602118780096309,0.8008934401220443,0.585655454854249,0.7185431389298752,0.8390541394335511,
24,extratrees_300_2,0.9768575693468463,0.887507435946987,0.6257624398073837,0.744457055682685,0.6327310297266141,0.6730695555382983,0.8094321350762528,,logreg_l2_C0.1_raw,0.9672962055137871,0.8336708599510323,0.7598394863563404,0.8036443935926774,0.5797012670866271,0.7246237477673373,0.8413140522875815,
25,extratrees_300_2,0.9775260765850906,0.8869386901145251,0.6692102728731943,0.7448872616323416,0.6111521893527668,0.6757443503921721,0.8132472222222223,,logreg_l2_C0.1_raw,0.9671893476431621,0.8497756336942204,0.7655698234349919,0.8083909992372235,0.5981923943922925,0.72609096321607,0.8527501089324617,
26,histgb_200_lr0.04_leaf15,0.9768361050192739,0.8754898805845117,0.7115601926163724,0.7687261632341724,0.5744417510704876,0.596955812689291,0.8214831154684099,,logreg_en_C0.1_l1r0.3,0.9650364053177135,0.8560184631876308,0.7958234349919744,0.8208080091533182,0.6083198493083003,0.6667683984364889,0.8469258714596948,
27,histgb_200_lr0.04_leaf15,0.9765663932792102,0.8694843397833355,0.7403691813804174,0.7699432494279176,0.5763444139081028,0.612556237218814,0.8122685185185184,,logreg_l2_C0.1_bal,0.9679962280655329,0.860527065853868,0.798398073836276,0.8265392829900838,0.6102085649291831,0.6611063653542493,0.8316677559912854,
28,histgb_300_lr0.03_leaf31,0.976382972122217,0.8590869024056598,0.7348121990369181,0.7833319603356217,0.5897672590373847,0.5965136807227357,0.8207238562091503,0.755043282051282,logreg_l2_C0.1_bal,0.9670689879892395,0.851469386427631,0.8183531300160513,0.82496704805492,0.5998943665596179,0.6388910460510988,0.8389821350762527,0.75214707191995
29,histgb_200_lr0.04_leaf15,0.9769639288601409,0.8832431081578298,0.7492520064205458,0.7831369946605645,0.5630854614418642,0.6599751494913413,0.8293615468409585,,logreg_en_C0.1_l1r0.3,0.96361878695468,0.8571354344422893,0.8130786516853932,0.831299313501144,0.5955942620841568,0.6714943956925785,0.837429357298475,
30,histgb_200_lr0.04_leaf15,0.9756570320950027,0.8726052923600188,0.7306709470304976,0.7769627765064836,0.56609375,0.6266262845900961,0.8189823529411764,,logreg_en_C0.1_l1r0.3,0.9637863442190412,0.8442619811712581,0.808581059390048,0.815768344774981,0.5809597203351449,0.7002013926639227,0.8517994553376905,
31,histgb_300_lr0.03_leaf31,0.9763529390047543,0.8524280269418508,0.6013515248796147,0.7470840579710145,0.5772069540513834,0.5853413062048614,0.7692391067538127,,logreg_l1_C0.3_bal,0.9665348027968907,0.8410351884827071,0.7060192616372392,0.7549339435545386,0.5712873126646903,0.6579648468846264,0.8407876906318085,
