method,test,HarmBench_auc,HarmBench_dAUC,HarmBench_p_adj,HarmBench_sig,GCG_auc,GCG_dAUC,GCG_p_adj,GCG_sig,PAIR_auc,PAIR_dAUC,PAIR_p_adj,PAIR_sig,PAP_auc,PAP_dAUC,PAP_p_adj,PAP_sig,GPTFuzz_auc,GPTFuzz_dAUC,GPTFuzz_p_adj,GPTFuzz_sig,PEZ_auc,PEZ_dAUC,PEZ_p_adj,PEZ_sig
all_traits(linsvm_C0.3_bal),reference,0.8639,0.0,,,0.8256,0.0,,,0.7945,0.0,,,0.6267,0.0,,,0.7013,0.0,,,0.8481,0.0,,
raw,welch,0.8145,+0.0494,4.698e-03,**,0.7072,+0.1184,4.226e-24,***,0.7591,+0.0354,2.977e-10,***,0.6505,-0.0238,1.000e+00,,0.6183,+0.0830,1.064e-11,***,0.8119,+0.0362,4.849e-11,***
pca,welch,0.8779,-0.0139,1.000e+00,,0.6872,+0.1384,2.537e-38,***,0.7012,+0.0933,7.642e-37,***,0.6025,+0.0243,3.027e-04,***,0.6208,+0.0805,6.105e-30,***,0.7912,+0.0569,3.652e-35,***
top_traits,welch,0.7699,+0.0941,8.125e-07,***,0.7392,+0.0865,2.877e-20,***,0.7562,+0.0383,1.173e-09,***,0.5346,+0.0921,7.321e-22,***,0.5992,+0.1021,8.302e-18,***,0.8465,+0.0016,4.299e-01,
jbshield,welch,0.8470,+0.0170,2.070e-01,,0.7316,+0.0940,6.305e-26,***,0.7257,+0.0688,3.165e-27,***,0.5861,+0.0406,1.203e-08,***,0.6169,+0.0844,1.337e-15,***,0.8184,+0.0297,7.163e-23,***
contrastive_mcd,welch,0.9184,-0.0545,1.000e+00,,0.7892,+0.0364,2.629e-08,***,0.8123,-0.0179,1.000e+00,,0.5527,+0.0740,8.217e-13,***,0.6306,+0.0707,1.170e-12,***,0.8437,+0.0044,1.047e-01,
contrastive_kcd,welch,0.8493,+0.0146,2.619e-01,,0.6760,+0.1497,3.329e-38,***,0.7501,+0.0444,1.070e-16,***,0.5336,+0.0931,1.139e-21,***,0.5483,+0.1530,9.819e-29,***,0.8312,+0.0169,1.547e-09,***
perplexity,welch,0.6425,+0.2214,4.774e-16,***,0.5056,+0.3200,1.139e-21,***,0.5017,+0.2928,1.003e-54,***,0.5030,+0.1237,1.613e-15,***,0.5068,+0.1945,1.671e-10,***,0.5074,+0.3407,2.719e-17,***
smoothllm,welch,0.5038,+0.3602,3.654e-23,***,0.5027,+0.3229,1.312e-49,***,0.5459,+0.2486,2.980e-47,***,0.5171,+0.1096,1.908e-25,***,0.5049,+0.1964,1.424e-45,***,0.5508,+0.2973,7.323e-43,***
harmbench_cls,welch,0.9962,-0.1323,1.000e+00,,0.9449,-0.1193,1.000e+00,,0.9037,-0.1092,1.000e+00,,0.8780,-0.2513,1.000e+00,,0.9286,-0.2273,1.000e+00,,0.9372,-0.0891,1.000e+00,
fjd,welch,0.5574,+0.3065,5.360e-19,***,0.5550,+0.2706,6.838e-60,***,0.5580,+0.2365,1.014e-52,***,0.5125,+0.1143,6.244e-25,***,0.6853,+0.0160,2.377e-01,,0.7434,+0.1047,1.910e-05,***
mahalanobis,welch,0.5296,+0.3343,6.090e-28,***,0.5431,+0.2825,1.157e-59,***,0.6385,+0.1560,8.071e-56,***,0.5298,+0.0969,5.956e-23,***,0.7335,-0.0322,1.000e+00,,0.5780,+0.2702,4.524e-68,***
jlt_svm,welch,0.9068,-0.0429,1.000e+00,,0.7152,+0.1104,1.699e-24,***,0.7974,-0.0029,8.159e-01,,0.5323,+0.0944,1.017e-07,***,0.6492,+0.0521,1.517e-04,***,0.8287,+0.0194,7.588e-04,***
jlt_rf,welch,0.8945,-0.0306,1.000e+00,,0.7014,+0.1242,3.064e-27,***,0.7328,+0.0617,1.391e-13,***,0.5417,+0.0850,1.486e-07,***,0.5069,+0.1944,3.627e-08,***,0.8206,+0.0275,2.464e-05,***
jlt_logreg,welch,0.9009,-0.0369,1.000e+00,,0.7596,+0.0660,7.863e-11,***,0.8136,-0.0191,1.000e+00,,0.5652,+0.0615,4.531e-04,***,0.6775,+0.0238,2.800e-02,*,0.8390,+0.0091,1.087e-02,*
llama_guard_input,1samp,0.6927,+0.1713,2.611e-19,***,0.6056,+0.2200,1.777e-41,***,0.5748,+0.2196,1.215e-48,***,0.5748,+0.0519,1.373e-11,***,0.6626,+0.0387,1.020e-13,***,0.6457,+0.2024,1.331e-59,***
llama_guard_i/o,1samp,0.8914,-0.0275,1.000e+00,,0.7748,+0.0508,3.118e-14,***,0.7702,+0.0243,2.661e-09,***,0.7641,-0.1374,1.000e+00,,0.7571,-0.0558,1.000e+00,,0.7851,+0.0630,7.788e-36,***
verbalized_direct,1samp,0.5755,+0.2884,7.335e-29,***,0.5286,+0.2970,1.487e-47,***,0.5283,+0.2662,1.360e-52,***,0.6203,+0.0065,1.873e-01,,0.5736,+0.1277,3.271e-35,***,0.5083,+0.3398,4.032e-70,***
verbalized_cot,1samp,0.5751,+0.2888,7.095e-29,***,0.5071,+0.3185,5.877e-49,***,0.5022,+0.2923,1.758e-54,***,0.5881,+0.0387,3.124e-08,***,0.5092,+0.1921,1.749e-43,***,0.5000,+0.3481,2.464e-70,***
gradsafe,1samp,0.9517,-0.0878,1.000e+00,,0.5794,+0.2462,1.006e-43,***,0.6152,+0.1793,1.727e-44,***,0.6039,+0.0228,2.557e-04,***,0.5239,+0.1774,6.919e-42,***,0.7565,+0.0916,1.974e-43,***
wildguard_harm,1samp,0.9518,-0.0879,1.000e+00,,0.8698,-0.0442,1.000e+00,,0.7775,+0.0170,5.135e-06,***,0.7196,-0.0928,1.000e+00,,0.6896,+0.0117,2.335e-03,**,0.8333,+0.0148,1.051e-10,***
wildguard_comply,1samp,0.9139,-0.0500,1.000e+00,,0.7416,+0.0840,1.353e-22,***,0.7934,+0.0010,4.792e-01,,0.6342,-0.0075,1.000e+00,,0.5368,+0.1645,2.380e-40,***,0.8613,-0.0132,1.000e+00,
